Advertising_Budget,Store_Size,Discount_Percentage,Total_Sales
19352.47,4491,5.91,115375.5
47585.0,2148,34.84,161543.03
36867.7,1945,31.45,121462.04
30334.27,4699,43.87,150552.07
8644.91,4423,36.75,85515.93
8643.73,753,40.17,52027.69
3846.1,3683,14.1,68464.24
43442.63,3057,8.87,152365.18
30454.64,598,37.53,98249.27
35695.56,2700,40.34,134410.83
2008.64,3461,49.53,66146.2
48525.58,4933,20.63,199411.66
41789.69,4277,18.6,164589.59
11404.62,3369,38.82,89223.78
9909.42,3734,17.04,80338.26
9986.82,4291,46.54,91802.69
15907.87,1456,42.92,75290.52
26713.07,4567,21.45,130700.46
22165.31,660,37.54,78073.03
15270.23,4993,37.73,109648.19
30980.79,1800,5.16,119907.6
7835.2,4487,45.13,92634.32
15315.09,2027,25.26,74165.1
18951.73,1718,41.32,87329.22
23347.43,4996,16.0,130958.93
39473.62,3604,44.78,159783.2
10784.02,3235,19.46,82742.88
26197.49,1454,0.54,96837.26
30028.31,3946,45.27,138824.27
3276.07,1545,4.56,34763.08
30769.7,2193,15.97,115058.99
9355.68,3936,47.5,78611.59
4187.53,1062,47.53,35142.87
47495.39,2985,28.67,177126.85
48315.97,3854,31.59,191580.76
40611.47,725,22.42,123467.49
15926.07,1459,14.66,73137.96
5785.93,3567,16.43,72111.08
34527.42,1315,33.63,134218.95
22567.47,3620,37.62,122980.55
6979.87,516,39.58,40918.09
25263.67,1743,39.48,97193.47
2685.04,2705,4.56,42052.37
45556.7,3024,24.72,166141.07
13680.22,1569,2.88,59822.8
33463.59,3944,27.48,139371.71
16273.84,3065,22.08,88647.74
26483.33,1560,44.39,98398.58
27788.8,2827,17.55,125341.71
10057.87,3920,5.85,87762.87
48509.65,801,7.15,142276.26
38981.51,4776,38.08,179781.5
47035.45,1106,30.91,147429.47
44846.54,3670,5.06,162861.93
30297.1,1199,4.21,108588.37
46171.84,1639,35.05,154802.15
5336.13,690,3.64,27162.09
10603.16,2800,41.09,77374.21
3216.14,1480,35.31,38484.26
16941.19,3475,4.07,87952.98
20045.19,1684,4.24,85799.86
14296.1,3827,49.33,111077.33
41608.14,3894,18.71,157497.51
18480.91,627,18.53,70247.12
14765.79,2565,40.64,82569.26
27592.11,2316,47.36,113808.65
7905.29,1069,49.3,49489.26
40307.65,2395,37.67,142723.17
4652.98,3233,18.81,64433.06
49357.46,4363,4.18,182430.9
38839.99,4514,38.86,170392.26
10737.07,3401,27.92,82987.48
1270.58,2186,21.21,42455.71
40957.61,3509,45.32,159028.21
35636.01,654,5.56,105166.17
36721.35,3037,24.63,146950.33
38792.25,1909,0.57,132507.21
4628.19,4557,23.43,76052.7
18564.82,1284,2.82,72880.71
6677.58,3675,5.94,75738.89
43292.07,4841,5.88,169151.15
31541.61,3306,32.46,137734.83
17214.0,1037,37.3,69625.88
4114.36,2341,29.17,57064.89
16238.13,2955,48.11,91861.03
16933.98,1024,18.74,59346.54
36750.7,3450,14.29,137997.04
32240.32,4631,43.43,155099.22
44473.42,4615,11.18,180098.16
24138.53,2868,48.16,109872.74
6860.12,4347,0.61,82629.26
35948.99,4995,48.49,161202.87
38278.47,3201,2.16,144209.78
28502.58,1471,44.56,101765.37
38777.39,1666,26.39,128954.29
25195.98,3274,49.65,122444.94
26613.91,2482,3.69,102754.71
21949.51,1353,27.69,84725.0
2245.54,4646,48.47,86091.31
6286.68,4236,26.15,78894.24
2540.03,4269,31.47,78050.54
32184.11,1074,34.79,104657.74
16403.44,3761,22.73,103335.62
25919.96,1648,31.38,108059.74
45470.76,2215,29.22,143742.68
13215.32,4354,45.06,100313.82
21108.76,2991,2.27,102003.26
38022.01,3160,14.05,144769.8
12211.11,3624,47.52,95375.5
4772.02,3551,44.51,70424.12
15197.82,504,22.78,59031.5
8899.84,1376,31.01,54185.21
46555.18,1491,13.87,152892.86
40597.9,4642,9.41,170352.85
32036.78,4864,23.18,154783.96
43701.57,4965,17.67,180308.54
40379.93,1135,29.18,127967.79
10141.93,2193,3.89,60286.03
44735.39,2182,48.72,159738.74
27427.77,619,49.31,93754.5
40564.57,1330,34.91,135802.3
44908.47,4175,26.8,188108.18
16582.17,1869,15.48,81335.05
6392.54,1240,40.69,47369.23
12168.82,616,34.24,60668.12
21928.28,3338,8.13,104462.32
41082.72,1650,45.55,131426.18
43175.8,2431,41.13,150297.07
1340.65,1512,47.49,31639.67
26026.62,2164,36.29,106534.98
21453.14,1581,30.67,88830.94
11883.28,1012,20.91,64416.39
6873.4,3349,46.64,78334.14
17543.14,1059,43.3,74130.35
47202.58,4172,2.26,182669.48
16836.94,3843,1.32,87416.67
26420.74,4570,18.82,135833.92
35447.93,1970,40.53,134220.15
18817.85,1080,49.36,72483.69
48617.32,2794,7.52,172294.07
48159.92,3647,29.71,181798.28
13337.33,4749,19.04,102062.89
25365.18,2179,48.5,112424.86
15743.04,4006,42.11,117205.06
14957.18,3244,41.92,95614.28
2807.46,3856,23.43,69217.75
30868.65,4545,20.74,143562.82
25631.27,1743,13.67,93478.95
3522.46,3618,2.82,66937.83
14653.68,2641,43.24,82693.78
45505.03,3559,40.65,174958.41
12738.53,3459,49.99,90964.04
8099.85,2765,49.83,75790.52
24983.19,2979,27.77,115428.29
49296.87,2135,38.45,171739.87
12860.71,2257,47.24,76133.69
33934.64,4952,42.48,161407.23
38319.36,2570,12.37,134218.58
12644.24,3349,22.53,84083.13
36682.6,3751,6.46,149897.0
19021.37,4230,47.7,121638.37
31982.99,2989,30.31,127276.65
32042.96,2131,11.43,122313.43
27252.96,3316,33.59,131420.59
5424.2,1515,30.91,49989.67
41929.82,1848,17.91,149966.53
16718.22,3587,5.68,92106.6
10139.41,3339,33.58,75909.25
2997.98,835,26.02,23825.35
29953.75,1395,38.62,116828.6
34200.65,4046,26.01,152527.45
1812.8,1351,42.61,38988.08
26092.56,2187,27.6,108395.24
12098.29,2431,28.05,69400.28
32613.47,4246,43.83,163480.43
9543.96,2927,20.17,73664.01
34855.95,2068,6.7,123842.85
19950.03,4500,1.44,117791.91
46899.77,3238,37.76,176062.47
7738.53,3998,31.02,84645.75
17712.25,4413,35.2,110324.25
6560.2,1566,10.65,49679.84
46309.99,4880,6.82,195109.1
43989.63,2944,0.73,162175.18
13639.14,4607,17.53,110853.78
33339.22,3873,29.5,143167.97
41043.89,4469,19.61,165211.7
28204.84,3046,21.87,120809.17
26952.88,1253,45.21,101738.82
12850.76,2582,17.41,82063.86
5562.04,3274,25.7,59870.78
44963.57,3396,39.18,178644.68
45120.48,4685,19.83,182197.16
32021.97,1275,31.1,109440.52
17612.46,2125,43.12,83094.63
18111.27,3569,47.48,99327.89
36571.83,917,7.35,118019.43
44958.4,614,46.33,139396.59
44467.23,1116,24.61,133032.27
39213.9,4474,12.91,157829.36
